{"cameraMode":{"drawMode":0,"name":"Shaded","section":"Shading Mode"},"sceneLighting":true,"audioPlay":false,"sceneViewState":{"m_AlwaysRefresh":false,"showFog":true,"showSkybox":true,"showFlares":true,"showImageEffects":true,"showParticleSystems":true,"showVisualEffectGraphs":true,"m_FxEnabled":true},"in2DMode":false,"pivot":{"x":11.680060386657715,"y":1.497507095336914,"z":-10.2369384765625},"rotation":{"x":0.1870560348033905,"y":-0.059328485280275348,"z":0.009620269760489464,"w":0.9815341830253601},"size":2.428826093673706,"orthographic":false}