{"cameraMode":{"drawMode":0,"name":"Shaded","section":"Shading Mode"},"sceneLighting":true,"audioPlay":false,"sceneViewState":{"m_AlwaysRefresh":false,"showFog":true,"showSkybox":true,"showFlares":true,"showImageEffects":true,"showParticleSystems":true,"showVisualEffectGraphs":true,"m_FxEnabled":true},"in2DMode":false,"pivot":{"x":69.87743377685547,"y":4.820069313049316,"z":220.06004333496095},"rotation":{"x":-0.23049399256706239,"y":-0.16565170884132386,"z":0.04187614843249321,"w":-0.9590001106262207},"size":12.132692337036133,"orthographic":false}