{"cameraMode":{"drawMode":0,"name":"Shaded","section":"Shading Mode"},"sceneLighting":true,"audioPlay":false,"sceneViewState":{"m_AlwaysRefresh":false,"showFog":true,"showSkybox":true,"showFlares":true,"showImageEffects":true,"showParticleSystems":true,"showVisualEffectGraphs":true,"m_FxEnabled":true},"in2DMode":false,"pivot":{"x":41.985225677490237,"y":-10.789709091186524,"z":-43.30411911010742},"rotation":{"x":-0.06528592854738236,"y":-0.9080470204353333,"z":0.1558120995759964,"w":-0.38378214836120608},"size":23.733259201049806,"orthographic":false}