{"cameraMode":{"drawMode":0,"name":"Shaded","section":"Shading Mode"},"sceneLighting":true,"audioPlay":false,"sceneViewState":{"m_AlwaysRefresh":false,"showFog":true,"showSkybox":true,"showFlares":true,"showImageEffects":true,"showParticleSystems":true,"showVisualEffectGraphs":true,"m_FxEnabled":true},"in2DMode":false,"pivot":{"x":11.144838333129883,"y":4.183008193969727,"z":-20.506723403930665},"rotation":{"x":0.002665431471541524,"y":0.8026459217071533,"z":-0.00389893539249897,"w":0.5968297123908997},"size":0.7985340356826782,"orthographic":false}